,date,type,year,avg_price,size,nb_sold
0,27/12/15,conventional,2015,0.95,small,9626901.09
1,20/12/15,conventional,2015,0.98,small,8710021.76
2,13/12/15,conventional,2015,0.93,small,9855053.66
3,06/12/15,conventional,2015,0.89,small,9405464.36
4,29/11/15,conventional,2015,0.99,small,8094803.56
5,22/11/15,conventional,2015,0.96,small,8571849.8
6,15/11/15,conventional,2015,0.92,small,9907981.27
7,08/11/15,conventional,2015,0.97,small,9991330.31
8,01/11/15,conventional,2015,0.97,small,10138703.85
9,25/10/15,conventional,2015,1.04,small,8683958.8
10,18/10/15,conventional,2015,0.99,small,9162094.14
11,11/10/15,conventional,2015,1,small,8828340.53
12,04/10/15,conventional,2015,1.02,small,8353619.97
13,27/09/15,conventional,2015,1.03,small,8454208.8
14,20/09/15,conventional,2015,1.02,small,9422275.27
15,13/09/15,conventional,2015,1.03,small,9875018.48
16,06/09/15,conventional,2015,1.02,small,12569277.14
17,30/08/15,conventional,2015,1.07,small,11650976.87
18,23/08/15,conventional,2015,1.08,small,11283021.31
19,16/08/15,conventional,2015,1.05,small,12680252.48
20,09/08/15,conventional,2015,1.05,small,13003371.07
21,02/08/15,conventional,2015,1.09,small,12115233.76
22,26/07/15,conventional,2015,1.07,small,12196225.93
23,19/07/15,conventional,2015,1.07,small,12742760.17
24,12/07/15,conventional,2015,1.07,small,12384449.4
25,05/07/15,conventional,2015,1.04,small,15643939.37
26,28/06/15,conventional,2015,1.06,small,13299568.71
27,21/06/15,conventional,2015,1.02,small,14699604.93
28,14/06/15,conventional,2015,0.98,small,16383685.07
29,07/06/15,conventional,2015,1,small,16529797.6
30,31/05/15,conventional,2015,1.03,small,15503613.33
31,24/05/15,conventional,2015,1.04,small,16000107.8
32,17/05/15,conventional,2015,1.06,small,14615941.59
33,10/05/15,conventional,2015,1.02,small,16215328.75
34,03/05/15,conventional,2015,0.96,small,17787611.93
35,26/04/15,conventional,2015,1.07,small,13833715.28
36,19/04/15,conventional,2015,1.03,small,14251319.31
37,12/04/15,conventional,2015,1.02,small,14793354.18
38,05/04/15,conventional,2015,1.06,small,13939014.43
39,29/03/15,conventional,2015,1.04,small,12524637.04
40,22/03/15,conventional,2015,1.01,small,13697405.61
41,15/03/15,conventional,2015,1.04,small,13149988.71
42,08/03/15,conventional,2015,1.02,small,13013750.35
43,01/03/15,conventional,2015,0.97,small,13282222.98
44,22/02/15,conventional,2015,1.02,small,12628562.36
45,15/02/15,conventional,2015,1.03,small,12626615.3
46,08/02/15,conventional,2015,0.95,small,13308193.4
47,01/02/15,conventional,2015,0.89,small,18933038.04
48,25/01/15,conventional,2015,1.04,small,12167445.03
49,18/01/15,conventional,2015,1.03,small,11858139.34
50,11/01/15,conventional,2015,1.01,small,11544810.53
51,04/01/15,conventional,2015,0.95,small,12357161.34
52,25/12/16,conventional,2016,1,small,9255125.2
53,18/12/16,conventional,2016,0.96,small,9394065.91
54,11/12/16,conventional,2016,0.98,small,9009996.11
55,04/12/16,conventional,2016,1,small,11043350.9
56,27/11/16,conventional,2016,,small,7891487.94
57,20/11/16,conventional,2016,1.27,small,8531160.52
58,13/11/16,conventional,2016,1.36,small,8235135.43
59,06/11/16,conventional,2016,1.44,small,
60,30/10/16,conventional,2016,1.43,small,7100458.82
61,23/10/16,conventional,2016,1.34,small,7579629.06
62,16/10/16,conventional,2016,1.3,small,8810664.45
63,09/10/16,conventional,2016,1.27,small,
64,02/10/16,conventional,2016,1.23,small,9534915.56
65,25/09/16,conventional,2016,1.22,small,10548061.13
66,18/09/16,conventional,2016,1.15,small,11337829.1
67,11/09/16,conventional,2016,1.08,small,12962762.94
68,04/09/16,conventional,2016,1.04,small,14643465.52
69,28/08/16,conventional,2016,1.09,small,12561055.5
70,21/08/16,conventional,2016,1.1,small,12725249.3
71,14/08/16,conventional,2016,1.12,small,12352932.68
72,07/08/16,conventional,2016,1.15,small,12197105.36
73,31/07/16,conventional,2016,1.23,small,10168972.37
74,24/07/16,conventional,2016,1.2,small,10331314.28
75,17/07/16,conventional,2016,1.15,small,10320463.27
76,10/07/16,conventional,2016,1.1,small,11457080.38
77,03/07/16,conventional,2016,1.06,small,12508937.27
78,26/06/16,conventional,2016,1.04,small,
79,19/06/16,conventional,2016,1.02,small,13488851.61
80,12/06/16,conventional,2016,1.04,small,12291686.69
81,05/06/16,conventional,2016,0.97,small,13808859.16
82,29/05/16,conventional,2016,0.94,small,13682611.21
83,22/05/16,conventional,2016,0.93,small,11711999.81
84,15/05/16,conventional,2016,0.89,small,12447598.49
85,08/05/16,conventional,2016,0.82,small,14223304.98
86,01/05/16,conventional,2016,,small,13748944.38
87,24/04/16,conventional,2016,,small,12913697.19
88,17/04/16,conventional,2016,,small,11954487.56
89,10/04/16,conventional,2016,0.9,small,12879820.47
90,03/04/16,conventional,2016,0.94,small,11320969.79
91,27/03/16,conventional,2016,0.94,small,11249198.4
92,20/03/16,conventional,2016,0.93,small,11134390.98
93,13/03/16,conventional,2016,0.93,small,11661687.44
94,06/03/16,conventional,2016,0.95,small,
95,28/02/16,conventional,2016,0.91,small,11907394.72
96,21/02/16,conventional,2016,0.94,small,10015825.13
97,14/02/16,conventional,2016,0.88,small,11913078.3
98,07/02/16,conventional,2016,0.76,small,16573573.78
99,31/01/16,conventional,2016,0.93,small,11098088.49
100,24/01/16,conventional,2016,0.95,small,7020459
101,17/01/16,conventional,2016,0.94,small,10036597.84
102,10/01/16,conventional,2016,0.93,small,11441286.89
103,03/01/16,conventional,2016,0.86,small,11616506.17
104,31/12/17,conventional,2017,0.98,small,13109617.49
105,24/12/17,conventional,2017,1.18,small,10027319.18
106,17/12/17,conventional,2017,1.07,small,10704214.26
107,10/12/17,conventional,2017,1.03,small,11943914.54
108,03/12/17,conventional,2017,1.09,small,11746980
109,26/11/17,conventional,2017,1.24,small,9175316
110,19/11/17,conventional,2017,1.17,small,11173132
111,12/11/17,conventional,2017,1.15,small,11512837
112,05/11/17,conventional,2017,1.19,small,11042128.27
113,29/10/17,conventional,2017,1.29,small,10596902.91
114,22/10/17,conventional,2017,1.44,small,9607586.96
115,15/10/17,conventional,2017,1.58,small,8769357.86
116,08/10/17,conventional,2017,1.65,small,8911144.2
117,01/10/17,conventional,2017,1.64,small,8342407.59
118,24/09/17,conventional,2017,1.62,small,8652381.39
119,17/09/17,conventional,2017,1.57,small,9153158.54
120,10/09/17,conventional,2017,1.56,small,9496485.27
121,03/09/17,conventional,2017,1.57,small,9775062.87
122,27/08/17,conventional,2017,1.47,small,10735709.61
123,20/08/17,conventional,2017,1.41,small,10507928.78
124,13/08/17,conventional,2017,1.33,small,10952703.84
125,06/08/17,conventional,2017,1.33,small,11292580.44
126,30/07/17,conventional,2017,1.32,small,11112191.11
127,23/07/17,conventional,2017,1.31,small,11391055.98
128,16/07/17,conventional,2017,1.33,small,11155465.9
129,09/07/17,conventional,2017,1.17,small,13009944.14
130,02/07/17,conventional,2017,1.21,small,12623188.5
131,25/06/17,conventional,2017,1.17,small,12901031.63
132,18/06/17,conventional,2017,1.18,small,12975373.48
133,11/06/17,conventional,2017,1.21,small,13490545.5
134,04/06/17,conventional,2017,1.24,small,13248334.78
135,28/05/17,conventional,2017,1.28,small,12841952.21
136,21/05/17,conventional,2017,1.26,small,12120948.7
137,14/05/17,conventional,2017,1.19,small,12807836.17
138,07/05/17,conventional,2017,1.09,small,17076650.82
139,30/04/17,conventional,2017,1.18,small,13316594.36
140,23/04/17,conventional,2017,1.18,small,12236713.41
141,16/04/17,conventional,2017,1.23,small,12311055.17
142,09/04/17,conventional,2017,1.21,small,12091315.22
143,02/04/17,conventional,2017,1.21,small,12245520.55
144,26/03/17,conventional,2017,1.24,small,11737559.6
145,19/03/17,conventional,2017,1.25,small,10975689.78
146,12/03/17,conventional,2017,1.22,small,11228357.23
147,05/03/17,conventional,2017,1.13,small,11335275.58
148,26/02/17,conventional,2017,0.99,small,13173668.36
149,19/02/17,conventional,2017,0.99,small,11321732.4
150,12/02/17,conventional,2017,0.87,small,15051951.54
151,05/02/17,conventional,2017,0.77,small,22743616.17
152,29/01/17,conventional,2017,0.96,small,14034075.77
153,22/01/17,conventional,2017,0.94,small,14254150.46
154,15/01/17,conventional,2017,0.98,small,12936858.36
155,08/01/17,conventional,2017,0.99,small,11809727.7
156,01/01/17,conventional,2017,0.89,small,12707894.99
157,25/03/18,conventional,2018,1.03,small,14130799.1
158,18/03/18,conventional,2018,1.05,small,13707389.51
159,11/03/18,conventional,2018,1.09,small,14089091.05
160,04/03/18,conventional,2018,1.07,small,14439547.46
161,25/02/18,conventional,2018,1.06,small,13829857.87
162,18/02/18,conventional,2018,1.08,small,13262751.42
163,11/02/18,conventional,2018,0.97,small,15870677.7
164,04/02/18,conventional,2018,0.87,small,21620180.9
165,28/01/18,conventional,2018,1.09,small,14551799.5
166,21/01/18,conventional,2018,1.08,small,14218843.83
167,14/01/18,conventional,2018,1.2,small,12600918.24
168,07/01/18,conventional,2018,1.13,small,13730992.75
169,27/12/15,organic,2015,1.52,small,89709.92
170,20/12/15,organic,2015,1.53,small,93849.3
171,13/12/15,organic,2015,1.43,small,91837.92
172,06/12/15,organic,2015,1.52,small,90203.21
173,29/11/15,organic,2015,1.5,small,79215.51
174,22/11/15,organic,2015,1.49,small,95222.99
175,15/11/15,organic,2015,1.6,small,109494.19
176,08/11/15,organic,2015,1.54,small,167254.55
177,01/11/15,organic,2015,1.47,small,113380.29
178,25/10/15,organic,2015,1.62,small,109006.18
179,18/10/15,organic,2015,1.71,small,108697.64
180,11/10/15,organic,2015,1.69,small,93015.27
181,04/10/15,organic,2015,1.72,small,95393.58
182,27/09/15,organic,2015,1.75,small,114590.38
183,20/09/15,organic,2015,1.77,small,126318.13
184,13/09/15,organic,2015,1.8,small,133928.36
185,06/09/15,organic,2015,1.78,small,132181.77
186,30/08/15,organic,2015,1.66,small,150924.97
187,23/08/15,organic,2015,1.72,small,176723.74
188,16/08/15,organic,2015,1.75,small,150876.8
189,09/08/15,organic,2015,1,small,170184
190,02/08/15,organic,2015,1,small,164126
191,26/07/15,organic,2015,1,small,169940
192,19/07/15,organic,2015,1,small,159752
193,12/07/15,organic,2015,1,small,178871
194,05/07/15,organic,2015,1,small,205073
195,28/06/15,organic,2015,1.64,small,192182.13
196,21/06/15,organic,2015,1.66,small,202071.06
197,14/06/15,organic,2015,1.68,small,203021.68
198,07/06/15,organic,2015,1.67,small,200483.4
199,31/05/15,organic,2015,1.58,small,205250.19
200,24/05/15,organic,2015,1.59,small,234692.14
201,17/05/15,organic,2015,1.5,small,246278.31
202,10/05/15,organic,2015,1.42,small,251602.18
203,03/05/15,organic,2015,1.37,small,323883.65
204,26/04/15,organic,2015,1.45,small,321733.2
205,19/04/15,organic,2015,1.59,small,215283.51
206,12/04/15,organic,2015,1.53,small,202491.27
207,05/04/15,organic,2015,1.63,small,197746.89
208,29/03/15,organic,2015,1.6,small,193273.88
209,22/03/15,organic,2015,1.49,small,237139.46
210,15/03/15,organic,2015,1.5,small,235569.01
211,08/03/15,organic,2015,1.49,small,253078.17
212,01/03/15,organic,2015,1.4,small,361996.84
213,22/02/15,organic,2015,1.51,small,272594.88
214,15/02/15,organic,2015,1.58,small,207650.64
215,08/02/15,organic,2015,1.48,small,215657.99
216,01/02/15,organic,2015,1.36,small,302561.47
217,25/01/15,organic,2015,1.53,small,207494.87
218,18/01/15,organic,2015,1.42,small,254319.58
219,11/01/15,organic,2015,1.42,small,270966.74
220,04/01/15,organic,2015,1.46,small,233286.13
221,25/12/16,organic,2016,1.34,small,93875.25
222,18/12/16,organic,2016,1.43,small,97661.23
223,11/12/16,organic,2016,1.42,small,93027.82
224,04/12/16,organic,2016,1.56,small,106472.53
225,27/11/16,organic,2016,1.64,small,100240.54
226,20/11/16,organic,2016,1.63,small,110737.55
227,13/11/16,organic,2016,1.7,small,110018.79
228,06/11/16,organic,2016,1.68,small,117317.9
229,30/10/16,organic,2016,1.93,small,123815.8
230,23/10/16,organic,2016,1.63,small,131203.12
231,16/10/16,organic,2016,1.5,small,114303.56
232,09/10/16,organic,2016,1.52,small,127092.78
233,02/10/16,organic,2016,1.71,small,131467.24
234,25/09/16,organic,2016,1.69,small,119993.58
235,18/09/16,organic,2016,1.67,small,127014.67
236,11/09/16,organic,2016,1.52,small,
237,04/09/16,organic,2016,1.54,small,
238,28/08/16,organic,2016,1.49,small,135742.77
239,21/08/16,organic,2016,1.51,small,177591.96
240,14/08/16,organic,2016,1.48,small,186697.3
241,07/08/16,organic,2016,1.55,small,151179.99
242,31/07/16,organic,2016,1.58,small,156417.33
243,24/07/16,organic,2016,1.65,small,159151.31
244,17/07/16,organic,2016,1.63,small,152828.51
245,10/07/16,organic,2016,1.51,small,152994.7
246,03/07/16,organic,2016,1.47,small,159903
247,26/06/16,organic,2016,1.5,small,171054.38
248,19/06/16,organic,2016,1.45,small,166983.45
249,12/06/16,organic,2016,1.45,small,176286.36
250,05/06/16,organic,2016,1.43,small,152105.91
251,29/05/16,organic,2016,1.41,small,137449.41
252,22/05/16,organic,2016,1.36,small,166883.21
253,15/05/16,organic,2016,1.45,small,146037.3
254,08/05/16,organic,2016,1.3,small,132225.28
255,01/05/16,organic,2016,,small,238992.91
256,24/04/16,organic,2016,1.25,small,225429.09
257,17/04/16,organic,2016,1.38,small,115155.65
258,10/04/16,organic,2016,1.26,small,108747.34
259,03/04/16,organic,2016,1.44,small,119283.9
260,27/03/16,organic,2016,1.44,small,112620.05
261,20/03/16,organic,2016,1.27,small,
262,13/03/16,organic,2016,1.29,small,132040.04
263,06/03/16,organic,2016,1.28,small,127184.88
264,28/02/16,organic,2016,1.44,small,110120.49
265,21/02/16,organic,2016,1.45,small,104135.94
266,14/02/16,organic,2016,1.37,small,102897.63
267,07/02/16,organic,2016,1.44,small,101408.79
268,31/01/16,organic,2016,1.43,small,108929.21
269,24/01/16,organic,2016,1.41,small,99316.69
270,17/01/16,organic,2016,1.44,small,115992.81
271,10/01/16,organic,2016,1.35,small,113867.63
272,03/01/16,organic,2016,1.43,small,124799.63
273,31/12/17,organic,2017,1.52,small,120545.76
274,24/12/17,organic,2017,1.64,small,103199.55
275,17/12/17,organic,2017,1.57,small,94905.86
276,10/12/17,organic,2017,1.54,small,94279.26
277,03/12/17,organic,2017,1.62,small,99317.88
278,26/11/17,organic,2017,1.72,small,77759.93
279,19/11/17,organic,2017,1.77,small,88110.88
280,12/11/17,organic,2017,1.81,small,93312.94
281,05/11/17,organic,2017,1.82,small,88073.16
282,29/10/17,organic,2017,1.84,small,88668.95
283,22/10/17,organic,2017,1.82,small,89301.75
284,15/10/17,organic,2017,1.85,small,103557.18
285,08/10/17,organic,2017,1.9,small,100744.58
286,01/10/17,organic,2017,1.95,small,100319.38
287,24/09/17,organic,2017,1.94,small,116338.61
288,17/09/17,organic,2017,2,small,140979.17
289,10/09/17,organic,2017,2.03,small,114942.21
290,03/09/17,organic,2017,2.06,small,113516
291,27/08/17,organic,2017,2.09,small,112812.39
292,20/08/17,organic,2017,1.96,small,108658.66
293,13/08/17,organic,2017,1.88,small,98007.24
294,06/08/17,organic,2017,1.83,small,112592.04
295,30/07/17,organic,2017,1.78,small,100332.24
296,23/07/17,organic,2017,1.76,small,113467.66
297,16/07/17,organic,2017,1.78,small,94267.55
298,09/07/17,organic,2017,1.71,small,109023.66
299,02/07/17,organic,2017,1.74,small,128156.1
300,25/06/17,organic,2017,1.77,small,123317.1
301,18/06/17,organic,2017,1.71,small,169434.58
302,11/06/17,organic,2017,1.56,small,160841.97
303,04/06/17,organic,2017,1.64,small,165665.93
304,28/05/17,organic,2017,1.69,small,163384.37
305,21/05/17,organic,2017,1.71,small,166985.41
306,14/05/17,organic,2017,1.55,small,164697.92
307,07/05/17,organic,2017,1.57,small,172722.76
308,30/04/17,organic,2017,1.68,small,199039.61
309,23/04/17,organic,2017,1.61,small,152604.41
310,16/04/17,organic,2017,1.49,small,176684.11
311,09/04/17,organic,2017,1.43,small,148803.12
312,02/04/17,organic,2017,1.42,small,183101.86
313,26/03/17,organic,2017,1.29,small,160491.66
314,19/03/17,organic,2017,1.5,small,172196.56
315,12/03/17,organic,2017,1.38,small,152896.45
316,05/03/17,organic,2017,1.16,small,184006.16
317,26/02/17,organic,2017,1.21,small,150448.17
318,19/02/17,organic,2017,1.31,small,250591.21
319,12/02/17,organic,2017,1.41,small,136636.34
320,05/02/17,organic,2017,1.36,small,136100.39
321,29/01/17,organic,2017,1.43,small,131808.29
322,22/01/17,organic,2017,1.37,small,115700.02
323,15/01/17,organic,2017,1.44,small,121132.79
324,08/01/17,organic,2017,1.43,small,117721.87
325,01/01/17,organic,2017,1.48,small,99820.77
326,25/03/18,organic,2018,1.55,small,121007.94
327,18/03/18,organic,2018,1.54,small,170801.85
328,11/03/18,organic,2018,1.52,small,129169.72
329,04/03/18,organic,2018,1.52,small,142345.03
330,25/02/18,organic,2018,1.57,small,122912.97
331,18/02/18,organic,2018,1.52,small,246515.35
332,11/02/18,organic,2018,1.56,small,98465.26
333,04/02/18,organic,2018,1.53,small,117922.52
334,28/01/18,organic,2018,1.61,small,118616.17
335,21/01/18,organic,2018,1.63,small,108705.28
336,14/01/18,organic,2018,1.59,small,145680.62
337,07/01/18,organic,2018,1.51,small,129541.43
338,27/12/15,conventional,2015,0.95,large,10197890.05
339,20/12/15,conventional,2015,0.98,large,9329861.85
340,13/12/15,conventional,2015,0.93,large,10805838.91
341,06/12/15,conventional,2015,0.89,large,12160838.62
342,29/11/15,conventional,2015,0.99,large,9003178.41
343,22/11/15,conventional,2015,0.96,large,10389879.59
344,15/11/15,conventional,2015,0.92,large,11699787.51
345,08/11/15,conventional,2015,0.97,large,12199657.4
346,01/11/15,conventional,2015,0.97,large,14229286.82
347,25/10/15,conventional,2015,1.04,large,11410478.34
348,18/10/15,conventional,2015,0.99,large,14082539.61
349,11/10/15,conventional,2015,1,large,13326573.45
350,04/10/15,conventional,2015,1.02,large,13775651.69
351,27/09/15,conventional,2015,1.03,large,13819912.63
352,20/09/15,conventional,2015,1.02,large,13846044.56
353,13/09/15,conventional,2015,1.03,large,14888077.69
354,06/09/15,conventional,2015,1.02,large,14245598.38
355,30/08/15,conventional,2015,1.07,large,11995960.83
356,23/08/15,conventional,2015,1.08,large,12551529.7
357,16/08/15,conventional,2015,1.05,large,12998327.25
358,09/08/15,conventional,2015,1.05,large,13926692.62
359,02/08/15,conventional,2015,1.09,large,12219014.12
360,26/07/15,conventional,2015,1.07,large,12009228.05
361,19/07/15,conventional,2015,1.07,large,12605457.17
362,12/07/15,conventional,2015,1.07,large,12403360.2
363,05/07/15,conventional,2015,1.04,large,14213650.06
364,28/06/15,conventional,2015,1.06,large,11505999.24
365,21/06/15,conventional,2015,1.02,large,13244466.6
366,14/06/15,conventional,2015,0.98,large,12821015.03
367,07/06/15,conventional,2015,1,large,12582265.21
368,31/05/15,conventional,2015,1.03,large,11599634.02
369,24/05/15,conventional,2015,1.04,large,12513821.19
370,17/05/15,conventional,2015,1.06,large,11003341.22
371,10/05/15,conventional,2015,1.02,large,13509064.65
372,03/05/15,conventional,2015,0.96,large,16602589.04
373,26/04/15,conventional,2015,1.07,large,10867403.08
374,19/04/15,conventional,2015,1.03,large,12277858.78
375,12/04/15,conventional,2015,1.02,large,11210544.11
376,05/04/15,conventional,2015,1.06,large,11526980.36
377,29/03/15,conventional,2015,1.04,large,11541041.35
378,22/03/15,conventional,2015,1.01,large,12659784.83
379,15/03/15,conventional,2015,1.04,large,10634070.76
380,08/03/15,conventional,2015,1.02,large,10973972.6
381,01/03/15,conventional,2015,0.97,large,13733124.48
382,22/02/15,conventional,2015,1.02,large,11354281.64
383,15/02/15,conventional,2015,1.03,large,9783489.59
384,08/02/15,conventional,2015,0.95,large,13381347.54
385,01/02/15,conventional,2015,0.89,large,18956479.74
386,25/01/15,conventional,2015,1.04,large,10734652.82
387,18/01/15,conventional,2015,1.03,large,11701947.8
388,11/01/15,conventional,2015,1.01,large,12134773.38
389,04/01/15,conventional,2015,0.95,large,13624083.05
390,25/12/16,conventional,2016,,large,10282925.61
391,18/12/16,conventional,2016,,large,10339168.2
392,11/12/16,conventional,2016,0.98,large,9967220.02
393,04/12/16,conventional,2016,1,large,9908982.97
394,27/11/16,conventional,2016,1.21,large,7337341.77
395,20/11/16,conventional,2016,1.27,large,
396,13/11/16,conventional,2016,1.36,large,7759608.21
397,06/11/16,conventional,2016,1.44,large,7126936.31
398,30/10/16,conventional,2016,1.43,large,6852046.35
399,23/10/16,conventional,2016,1.34,large,8104522.26
400,16/10/16,conventional,2016,1.3,large,8855072.75
401,09/10/16,conventional,2016,1.27,large,9579338.98
402,02/10/16,conventional,2016,1.23,large,9123897.74
403,25/09/16,conventional,2016,1.22,large,9255913.78
404,18/09/16,conventional,2016,1.15,large,9481313.14
405,11/09/16,conventional,2016,1.08,large,10380438.09
406,04/09/16,conventional,2016,1.04,large,11083513.46
407,28/08/16,conventional,2016,1.09,large,10420973
408,21/08/16,conventional,2016,1.1,large,9906498.51
409,14/08/16,conventional,2016,1.12,large,10879341.61
410,07/08/16,conventional,2016,1.15,large,10731379.56
411,31/07/16,conventional,2016,1.23,large,10423957.83
412,24/07/16,conventional,2016,1.2,large,10795751.15
413,17/07/16,conventional,2016,1.15,large,10628872.6
414,10/07/16,conventional,2016,1.1,large,11677528
415,03/07/16,conventional,2016,1.06,large,13315901.42
416,26/06/16,conventional,2016,1.04,large,12029918.6
417,19/06/16,conventional,2016,1.02,large,12842698.33
418,12/06/16,conventional,2016,1.04,large,
419,05/06/16,conventional,2016,0.97,large,
420,29/05/16,conventional,2016,0.94,large,13829591.06
421,22/05/16,conventional,2016,,large,12981224.42
422,15/05/16,conventional,2016,0.89,large,14437190.03
423,08/05/16,conventional,2016,0.82,large,17896391.6
424,01/05/16,conventional,2016,0.84,large,15899858.37
425,24/04/16,conventional,2016,0.87,large,14382184.8
426,17/04/16,conventional,2016,0.9,large,12896366.58
427,10/04/16,conventional,2016,0.9,large,11538132.36
428,03/04/16,conventional,2016,0.94,large,11512621.85
429,27/03/16,conventional,2016,0.94,large,12745266.73
430,20/03/16,conventional,2016,0.93,large,13727453.57
431,13/03/16,conventional,2016,0.93,large,13104887.66
432,06/03/16,conventional,2016,0.95,large,12196587.24
433,28/02/16,conventional,2016,0.91,large,13210854.56
434,21/02/16,conventional,2016,0.94,large,12003751.56
435,14/02/16,conventional,2016,0.88,large,13187973.29
436,07/02/16,conventional,2016,0.76,large,20470572.61
437,31/01/16,conventional,2016,0.93,large,13278053.61
438,24/01/16,conventional,2016,0.95,large,
439,17/01/16,conventional,2016,0.94,large,13832256.04
440,10/01/16,conventional,2016,0.93,large,13226088.66
441,03/01/16,conventional,2016,0.86,large,16054083.86
442,31/12/17,conventional,2017,0.98,large,13197460.59
443,24/12/17,conventional,2017,1.18,large,8964247.34
444,17/12/17,conventional,2017,1.07,large,9934618.43
445,10/12/17,conventional,2017,1.03,large,11659897.51
446,03/12/17,conventional,2017,1.09,large,10905968
447,26/11/17,conventional,2017,1.24,large,7312239
448,19/11/17,conventional,2017,1.17,large,7847059
449,12/11/17,conventional,2017,1.15,large,9994648
450,05/11/17,conventional,2017,1.19,large,9774987.75
451,29/10/17,conventional,2017,1.29,large,9803569.58
452,22/10/17,conventional,2017,1.44,large,8761192.74
453,15/10/17,conventional,2017,1.58,large,8534404.17
454,08/10/17,conventional,2017,1.65,large,7609509.9
455,01/10/17,conventional,2017,1.64,large,8354516.32
456,24/09/17,conventional,2017,1.62,large,8295761.93
457,17/09/17,conventional,2017,1.57,large,8328241.87
458,10/09/17,conventional,2017,1.56,large,8373234.08
459,03/09/17,conventional,2017,1.57,large,8565265.61
460,27/08/17,conventional,2017,1.47,large,8587105.6
461,20/08/17,conventional,2017,1.41,large,8837219.28
462,13/08/17,conventional,2017,1.33,large,11154310.29
463,06/08/17,conventional,2017,1.33,large,10988313.58
464,30/07/17,conventional,2017,1.32,large,11088082.78
465,23/07/17,conventional,2017,1.31,large,11339580.43
466,16/07/17,conventional,2017,1.33,large,11202844.97
467,09/07/17,conventional,2017,1.17,large,11031218.25
468,02/07/17,conventional,2017,1.21,large,10988734.57
469,25/06/17,conventional,2017,1.17,large,10805961.74
470,18/06/17,conventional,2017,1.18,large,11199448.6
471,11/06/17,conventional,2017,1.21,large,10090861.46
472,04/06/17,conventional,2017,1.24,large,10157565.24
473,28/05/17,conventional,2017,1.28,large,10932970.72
474,21/05/17,conventional,2017,1.26,large,10213231.95
475,14/05/17,conventional,2017,1.19,large,9717257.8
476,07/05/17,conventional,2017,1.09,large,13549102.59
477,30/04/17,conventional,2017,1.18,large,11291149.13
478,23/04/17,conventional,2017,1.18,large,10224484.11
479,16/04/17,conventional,2017,1.23,large,10069354.29
480,09/04/17,conventional,2017,1.21,large,10821096.24
481,02/04/17,conventional,2017,1.21,large,9733584.68
482,26/03/17,conventional,2017,1.24,large,9664310.82
483,19/03/17,conventional,2017,1.25,large,9622711.73
484,12/03/17,conventional,2017,1.22,large,9575227.17
485,05/03/17,conventional,2017,1.13,large,10807889.59
486,26/02/17,conventional,2017,0.99,large,11398142.68
487,19/02/17,conventional,2017,0.99,large,10351148.2
488,12/02/17,conventional,2017,0.87,large,12184188.37
489,05/02/17,conventional,2017,0.77,large,20328161.55
490,29/01/17,conventional,2017,0.96,large,11683464.54
491,22/01/17,conventional,2017,0.94,large,14212881.66
492,15/01/17,conventional,2017,0.98,large,12625665.39
493,08/01/17,conventional,2017,0.99,large,13856934.7
494,01/01/17,conventional,2017,0.89,large,14201200.68
495,25/03/18,conventional,2018,1.03,large,12125711.42
496,18/03/18,conventional,2018,1.05,large,11061051.69
497,11/03/18,conventional,2018,1.09,large,10758039.45
498,04/03/18,conventional,2018,1.07,large,11289307.37
499,25/02/18,conventional,2018,1.06,large,10415463.59
500,18/02/18,conventional,2018,1.08,large,10491918.44
501,11/02/18,conventional,2018,0.97,large,11541844.87
502,04/02/18,conventional,2018,0.87,large,20445501.03
503,28/01/18,conventional,2018,1.09,large,12119884.61
504,21/01/18,conventional,2018,1.08,large,13929702.12
505,14/01/18,conventional,2018,1.2,large,11866197.84
506,07/01/18,conventional,2018,1.13,large,10781339.21
507,27/12/15,organic,2015,1.52,large,206198.62
508,20/12/15,organic,2015,1.53,large,205909.13
509,13/12/15,organic,2015,1.43,large,222314.6
510,06/12/15,organic,2015,1.52,large,212582.74
511,29/11/15,organic,2015,1.5,large,208733.32
512,22/11/15,organic,2015,1.49,large,249686.75
513,15/11/15,organic,2015,1.6,large,225216.4
514,08/11/15,organic,2015,1.54,large,249160.89
515,01/11/15,organic,2015,1.47,large,262559.59
516,25/10/15,organic,2015,1.62,large,244222.97
517,18/10/15,organic,2015,1.71,large,224038.49
518,11/10/15,organic,2015,1.69,large,230653.61
519,04/10/15,organic,2015,1.72,large,269237.06
520,27/09/15,organic,2015,1.75,large,238175.26
521,20/09/15,organic,2015,1.77,large,244950.88
522,13/09/15,organic,2015,1.8,large,251786.63
523,06/09/15,organic,2015,1.78,large,271784.99
524,30/08/15,organic,2015,1.66,large,325442.96
525,23/08/15,organic,2015,1.72,large,298092.6
526,16/08/15,organic,2015,1.75,large,310229.77
527,09/08/15,organic,2015,1,large,269330
528,02/08/15,organic,2015,1,large,263359
529,26/07/15,organic,2015,1,large,266249
530,19/07/15,organic,2015,1,large,317728
531,12/07/15,organic,2015,1,large,267353
532,05/07/15,organic,2015,1,large,304597
533,28/06/15,organic,2015,1.64,large,332739.27
534,21/06/15,organic,2015,1.66,large,304368.47
535,14/06/15,organic,2015,1.68,large,278912.22
536,07/06/15,organic,2015,1.67,large,264482.87
537,31/05/15,organic,2015,1.58,large,333300.63
538,24/05/15,organic,2015,1.59,large,293553.99
539,17/05/15,organic,2015,1.5,large,312193.09
540,10/05/15,organic,2015,1.42,large,349907.52
541,03/05/15,organic,2015,1.37,large,380650.64
542,26/04/15,organic,2015,1.45,large,379382.1
543,19/04/15,organic,2015,1.59,large,301783.5
544,12/04/15,organic,2015,1.53,large,428607.3
545,05/04/15,organic,2015,1.63,large,275595.72
546,29/03/15,organic,2015,1.6,large,324919.62
547,22/03/15,organic,2015,1.49,large,320353.82
548,15/03/15,organic,2015,1.5,large,258475.58
549,08/03/15,organic,2015,1.49,large,327972.28
550,01/03/15,organic,2015,1.4,large,275458.57
551,22/02/15,organic,2015,1.51,large,230342.87
552,15/02/15,organic,2015,1.58,large,228653.33
553,08/02/15,organic,2015,1.48,large,273897.84
554,01/02/15,organic,2015,1.36,large,259286.44
555,25/01/15,organic,2015,1.53,large,212312.02
556,18/01/15,organic,2015,1.42,large,311811.01
557,11/01/15,organic,2015,1.42,large,260971.6
558,04/01/15,organic,2015,1.46,large,216611.2
559,25/12/16,organic,2016,,large,250138.66
560,18/12/16,organic,2016,1.43,large,248598.14
561,11/12/16,organic,2016,1.42,large,248303.87
562,04/12/16,organic,2016,1.56,large,242055.86
563,27/11/16,organic,2016,1.64,large,198874.09
564,20/11/16,organic,2016,1.63,large,233518.72
565,13/11/16,organic,2016,1.7,large,257268.83
566,06/11/16,organic,2016,1.68,large,266018.89
567,30/10/16,organic,2016,1.93,large,279842.5
568,23/10/16,organic,2016,1.63,large,241758.21
569,16/10/16,organic,2016,1.5,large,243788.95
570,09/10/16,organic,2016,1.52,large,266687.47
571,02/10/16,organic,2016,1.71,large,272293.48
572,25/09/16,organic,2016,1.69,large,272553.74
573,18/09/16,organic,2016,1.67,large,266648.5
574,11/09/16,organic,2016,1.52,large,334671.53
575,04/09/16,organic,2016,1.54,large,344378.75
576,28/08/16,organic,2016,,large,316907.28
577,21/08/16,organic,2016,,large,308314.91
578,14/08/16,organic,2016,1.48,large,
579,07/08/16,organic,2016,1.55,large,
580,31/07/16,organic,2016,1.58,large,328942.12
581,24/07/16,organic,2016,1.65,large,343780.56
582,17/07/16,organic,2016,1.63,large,359772.18
583,10/07/16,organic,2016,1.51,large,355101.22
584,03/07/16,organic,2016,1.47,large,381527.15
585,26/06/16,organic,2016,1.5,large,391129.07
586,19/06/16,organic,2016,1.45,large,445194.49
587,12/06/16,organic,2016,1.45,large,403561.49
588,05/06/16,organic,2016,1.43,large,410451.71
589,29/05/16,organic,2016,1.41,large,468311.32
590,22/05/16,organic,2016,1.36,large,455336.56
591,15/05/16,organic,2016,1.45,large,437584.52
592,08/05/16,organic,2016,1.3,large,443777.31
593,01/05/16,organic,2016,1.28,large,484383.87
594,24/04/16,organic,2016,1.25,large,
595,17/04/16,organic,2016,1.38,large,
596,10/04/16,organic,2016,1.26,large,400281.85
597,03/04/16,organic,2016,1.44,large,371845.6
598,27/03/16,organic,2016,1.44,large,338194.18
599,20/03/16,organic,2016,1.27,large,352698.21
600,13/03/16,organic,2016,1.29,large,346341.46
601,06/03/16,organic,2016,,large,351951.65
602,28/02/16,organic,2016,1.44,large,347488.78
603,21/02/16,organic,2016,1.45,large,281188.89
604,14/02/16,organic,2016,1.37,large,306235.69
605,07/02/16,organic,2016,1.44,large,290813.54
606,31/01/16,organic,2016,1.43,large,269687.52
607,24/01/16,organic,2016,1.41,large,270980.88
608,17/01/16,organic,2016,1.44,large,266824.72
609,10/01/16,organic,2016,1.35,large,
610,03/01/16,organic,2016,1.43,large,246580.95
611,31/12/17,organic,2017,1.52,large,248123.56
612,24/12/17,organic,2017,1.64,large,247166.08
613,17/12/17,organic,2017,1.57,large,248498.73
614,10/12/17,organic,2017,1.54,large,258003.98
615,03/12/17,organic,2017,1.62,large,269450.85
616,26/11/17,organic,2017,1.72,large,204612.15
617,19/11/17,organic,2017,1.77,large,213230.36
618,12/11/17,organic,2017,1.81,large,217612.9
619,05/11/17,organic,2017,1.82,large,244925.18
620,29/10/17,organic,2017,1.84,large,218858.34
621,22/10/17,organic,2017,1.82,large,229689.25
622,15/10/17,organic,2017,1.85,large,218881.54
623,08/10/17,organic,2017,1.9,large,231652.64
624,01/10/17,organic,2017,1.95,large,230053.24
625,24/09/17,organic,2017,1.94,large,237876.77
626,17/09/17,organic,2017,2,large,243233.57
627,10/09/17,organic,2017,2.03,large,249231.14
628,03/09/17,organic,2017,2.06,large,256920.07
629,27/08/17,organic,2017,2.09,large,250861.84
630,20/08/17,organic,2017,1.96,large,262747.8
631,13/08/17,organic,2017,1.88,large,230106.14
632,06/08/17,organic,2017,1.83,large,236015.15
633,30/07/17,organic,2017,1.78,large,270534.58
634,23/07/17,organic,2017,1.76,large,317184.04
635,16/07/17,organic,2017,1.78,large,311432.79
636,09/07/17,organic,2017,1.71,large,333458.24
637,02/07/17,organic,2017,1.74,large,360890.48
638,25/06/17,organic,2017,1.77,large,341073.87
639,18/06/17,organic,2017,1.71,large,442594.36
640,11/06/17,organic,2017,1.56,large,339777.07
641,04/06/17,organic,2017,1.64,large,387057.95
642,28/05/17,organic,2017,1.69,large,357431.2
643,21/05/17,organic,2017,1.71,large,351498.5
644,14/05/17,organic,2017,1.55,large,339920.6
645,07/05/17,organic,2017,1.57,large,386288.18
646,30/04/17,organic,2017,1.68,large,421709.78
647,23/04/17,organic,2017,1.61,large,347557.13
648,16/04/17,organic,2017,1.49,large,437947.67
649,09/04/17,organic,2017,1.43,large,362152.44
650,02/04/17,organic,2017,1.42,large,430841.87
651,26/03/17,organic,2017,1.29,large,355541.13
652,19/03/17,organic,2017,1.5,large,411359.03
653,12/03/17,organic,2017,1.38,large,330081.75
654,05/03/17,organic,2017,1.16,large,374220.48
655,26/02/17,organic,2017,1.21,large,368526.18
656,19/02/17,organic,2017,1.31,large,632101.53
657,12/02/17,organic,2017,1.41,large,297764.4
658,05/02/17,organic,2017,1.36,large,314011.26
659,29/01/17,organic,2017,1.43,large,292584.44
660,22/01/17,organic,2017,1.37,large,281786.33
661,15/01/17,organic,2017,1.44,large,280287.84
662,08/01/17,organic,2017,1.43,large,283532.68
663,01/01/17,organic,2017,1.48,large,273329.61
664,25/03/18,organic,2018,1.55,large,342853.1
665,18/03/18,organic,2018,1.54,large,444949.69
666,11/03/18,organic,2018,1.52,large,408763.5
667,04/03/18,organic,2018,1.52,large,390129.5
668,25/02/18,organic,2018,1.57,large,340374.83
669,18/02/18,organic,2018,1.52,large,680037.45
670,11/02/18,organic,2018,1.56,large,270798.27
671,04/02/18,organic,2018,1.53,large,287724.61
672,28/01/18,organic,2018,1.61,large,280080.34
673,21/01/18,organic,2018,1.63,large,259172.13
674,14/01/18,organic,2018,1.59,large,323669.83
675,07/01/18,organic,2018,1.51,large,296490.29
676,27/12/15,conventional,2015,0.95,extra_large,1184340.09
677,20/12/15,conventional,2015,0.98,extra_large,1201020.01
678,13/12/15,conventional,2015,0.93,extra_large,1016163.17
679,06/12/15,conventional,2015,0.89,extra_large,931830.63
680,29/11/15,conventional,2015,0.99,extra_large,731008.41
681,22/11/15,conventional,2015,0.96,extra_large,804662.83
682,15/11/15,conventional,2015,0.92,extra_large,815641.54
683,08/11/15,conventional,2015,0.97,extra_large,1143214.59
684,01/11/15,conventional,2015,0.97,extra_large,1410928.18
685,25/10/15,conventional,2015,1.04,extra_large,1188118.95
686,18/10/15,conventional,2015,0.99,extra_large,1220251.19
687,11/10/15,conventional,2015,1,extra_large,1614282.73
688,04/10/15,conventional,2015,1.02,extra_large,1209045.07
689,27/09/15,conventional,2015,1.03,extra_large,1061979.37
690,20/09/15,conventional,2015,1.02,extra_large,1112405.42
691,13/09/15,conventional,2015,1.03,extra_large,1118988.92
692,06/09/15,conventional,2015,1.02,extra_large,1129771.19
693,30/08/15,conventional,2015,1.07,extra_large,1060352.53
694,23/08/15,conventional,2015,1.08,extra_large,909284.22
695,16/08/15,conventional,2015,1.05,extra_large,1143364.58
696,09/08/15,conventional,2015,1.05,extra_large,1014520.88
697,02/08/15,conventional,2015,1.09,extra_large,984702.75
698,26/07/15,conventional,2015,1.07,extra_large,1017157.74
699,19/07/15,conventional,2015,1.07,extra_large,1154897.34
700,12/07/15,conventional,2015,1.07,extra_large,980361.75
701,05/07/15,conventional,2015,1.04,extra_large,1342465.95
702,28/06/15,conventional,2015,1.06,extra_large,1045832.54
703,21/06/15,conventional,2015,1.02,extra_large,1326422.56
704,14/06/15,conventional,2015,0.98,extra_large,1085081.61
705,07/06/15,conventional,2015,1,extra_large,1144715.95
706,31/05/15,conventional,2015,1.03,extra_large,903908.35
707,24/05/15,conventional,2015,1.04,extra_large,899779.92
708,17/05/15,conventional,2015,1.06,extra_large,963549.53
709,10/05/15,conventional,2015,1.02,extra_large,858145.45
710,03/05/15,conventional,2015,0.96,extra_large,1118329.5
711,26/04/15,conventional,2015,1.07,extra_large,889732.2
712,19/04/15,conventional,2015,1.03,extra_large,1016631.26
713,12/04/15,conventional,2015,1.02,extra_large,807942.41
714,05/04/15,conventional,2015,1.06,extra_large,871981.29
715,29/03/15,conventional,2015,1.04,extra_large,811272.88
716,22/03/15,conventional,2015,1.01,extra_large,1066385.92
717,15/03/15,conventional,2015,1.04,extra_large,871575.04
718,08/03/15,conventional,2015,1.02,extra_large,834009.15
719,01/03/15,conventional,2015,0.97,extra_large,1070576.07
720,22/02/15,conventional,2015,1.02,extra_large,937138.85
721,15/02/15,conventional,2015,1.03,extra_large,845653.52
722,08/02/15,conventional,2015,0.95,extra_large,737939.45
723,01/02/15,conventional,2015,0.89,extra_large,1381516.11
724,25/01/15,conventional,2015,1.04,extra_large,768020.05
725,18/01/15,conventional,2015,1.03,extra_large,831301.9
726,11/01/15,conventional,2015,1.01,extra_large,866574.66
727,04/01/15,conventional,2015,0.95,extra_large,844093.32
728,25/12/16,conventional,2016,1,extra_large,541972.42
729,18/12/16,conventional,2016,0.96,extra_large,427872.42
730,11/12/16,conventional,2016,0.98,extra_large,403047.93
731,04/12/16,conventional,2016,1,extra_large,428009.84
732,27/11/16,conventional,2016,1.21,extra_large,344475.9
733,20/11/16,conventional,2016,1.27,extra_large,407567.78
734,13/11/16,conventional,2016,,extra_large,477520.95
735,06/11/16,conventional,2016,1.44,extra_large,505349.44
736,30/10/16,conventional,2016,1.43,extra_large,453145.26
737,23/10/16,conventional,2016,1.34,extra_large,452383.96
738,16/10/16,conventional,2016,1.3,extra_large,447291.48
739,09/10/16,conventional,2016,1.27,extra_large,490956.88
740,02/10/16,conventional,2016,1.23,extra_large,490123.01
741,25/09/16,conventional,2016,1.22,extra_large,
742,18/09/16,conventional,2016,1.15,extra_large,
743,11/09/16,conventional,2016,1.08,extra_large,512160.27
744,04/09/16,conventional,2016,1.04,extra_large,540680.89
745,28/08/16,conventional,2016,,extra_large,563738.54
746,21/08/16,conventional,2016,1.1,extra_large,609720.87
747,14/08/16,conventional,2016,1.12,extra_large,749247.02
748,07/08/16,conventional,2016,1.15,extra_large,754548.53
749,31/07/16,conventional,2016,1.23,extra_large,783937.09
750,24/07/16,conventional,2016,1.2,extra_large,947964.05
751,17/07/16,conventional,2016,1.15,extra_large,953631.47
752,10/07/16,conventional,2016,1.1,extra_large,1266433.97
753,03/07/16,conventional,2016,1.06,extra_large,1761343.08
754,26/06/16,conventional,2016,1.04,extra_large,1624942.43
755,19/06/16,conventional,2016,,extra_large,1642735.63
756,12/06/16,conventional,2016,1.04,extra_large,1607344.08
757,05/06/16,conventional,2016,0.97,extra_large,1770948.09
758,29/05/16,conventional,2016,0.94,extra_large,1583495.93
759,22/05/16,conventional,2016,,extra_large,1640829.4
760,15/05/16,conventional,2016,,extra_large,1753852.61
761,08/05/16,conventional,2016,0.82,extra_large,1993645.36
762,01/05/16,conventional,2016,0.84,extra_large,1414364.49
763,24/04/16,conventional,2016,0.87,extra_large,1599863.98
764,17/04/16,conventional,2016,0.9,extra_large,1896149.5
765,10/04/16,conventional,2016,0.9,extra_large,1666275.13
766,03/04/16,conventional,2016,0.94,extra_large,1731910.48
767,27/03/16,conventional,2016,0.94,extra_large,1880231.38
768,20/03/16,conventional,2016,0.93,extra_large,1773088.87
769,13/03/16,conventional,2016,0.93,extra_large,1800065.57
770,06/03/16,conventional,2016,0.95,extra_large,1686475.33
771,28/02/16,conventional,2016,0.91,extra_large,
772,21/02/16,conventional,2016,0.94,extra_large,
773,14/02/16,conventional,2016,0.88,extra_large,1811090.71
774,07/02/16,conventional,2016,0.76,extra_large,2546439.11
775,31/01/16,conventional,2016,0.93,extra_large,1643703.17
776,24/01/16,conventional,2016,0.95,extra_large,1440380.36
777,17/01/16,conventional,2016,0.94,extra_large,1419405.62
778,10/01/16,conventional,2016,0.93,extra_large,1282612.91
779,03/01/16,conventional,2016,0.86,extra_large,1560068.62
780,31/12/17,conventional,2017,0.98,extra_large,644837.54
781,24/12/17,conventional,2017,1.18,extra_large,546373.81
782,17/12/17,conventional,2017,1.07,extra_large,574089.32
783,10/12/17,conventional,2017,1.03,extra_large,398348.55
784,03/12/17,conventional,2017,1.09,extra_large,583801
785,26/11/17,conventional,2017,1.24,extra_large,379637
786,19/11/17,conventional,2017,1.17,extra_large,416186
787,12/11/17,conventional,2017,1.15,extra_large,416643
788,05/11/17,conventional,2017,1.19,extra_large,400250.97
789,29/10/17,conventional,2017,1.29,extra_large,424755.66
790,22/10/17,conventional,2017,1.44,extra_large,409598.47
791,15/10/17,conventional,2017,1.58,extra_large,392119.12
792,08/10/17,conventional,2017,1.65,extra_large,391832.89
793,01/10/17,conventional,2017,1.64,extra_large,384794.18
794,24/09/17,conventional,2017,1.62,extra_large,385004.72
795,17/09/17,conventional,2017,1.57,extra_large,417270.7
796,10/09/17,conventional,2017,1.56,extra_large,487926.52
797,03/09/17,conventional,2017,1.57,extra_large,541902.88
798,27/08/17,conventional,2017,1.47,extra_large,517541.94
799,20/08/17,conventional,2017,1.41,extra_large,581074.35
800,13/08/17,conventional,2017,1.33,extra_large,624963.41
801,06/08/17,conventional,2017,1.33,extra_large,665312.55
802,30/07/17,conventional,2017,1.32,extra_large,596676.12
803,23/07/17,conventional,2017,1.31,extra_large,612242.37
804,16/07/17,conventional,2017,1.33,extra_large,756103.12
805,09/07/17,conventional,2017,1.17,extra_large,821964.42
806,02/07/17,conventional,2017,1.21,extra_large,859889.81
807,25/06/17,conventional,2017,1.17,extra_large,655965.98
808,18/06/17,conventional,2017,1.18,extra_large,807107.21
809,11/06/17,conventional,2017,1.21,extra_large,648410.9
810,04/06/17,conventional,2017,1.24,extra_large,667066.51
811,28/05/17,conventional,2017,1.28,extra_large,673384.78
812,21/05/17,conventional,2017,1.26,extra_large,621603.57
813,14/05/17,conventional,2017,1.19,extra_large,652973.26
814,07/05/17,conventional,2017,1.09,extra_large,863471.88
815,30/04/17,conventional,2017,1.18,extra_large,667996.83
816,23/04/17,conventional,2017,1.18,extra_large,613507.38
817,16/04/17,conventional,2017,1.23,extra_large,650017.26
818,09/04/17,conventional,2017,1.21,extra_large,647969.03
819,02/04/17,conventional,2017,1.21,extra_large,624709.69
820,26/03/17,conventional,2017,1.24,extra_large,611105.54
821,19/03/17,conventional,2017,1.25,extra_large,638217.85
822,12/03/17,conventional,2017,1.22,extra_large,727233.05
823,05/03/17,conventional,2017,1.13,extra_large,795173.2
824,26/02/17,conventional,2017,0.99,extra_large,896761.77
825,19/02/17,conventional,2017,0.99,extra_large,832906.12
826,12/02/17,conventional,2017,0.87,extra_large,862322.15
827,05/02/17,conventional,2017,0.77,extra_large,1664383.09
828,29/01/17,conventional,2017,0.96,extra_large,818727.02
829,22/01/17,conventional,2017,0.94,extra_large,908616.41
830,15/01/17,conventional,2017,0.98,extra_large,579346.52
831,08/01/17,conventional,2017,0.99,extra_large,539068.39
832,01/01/17,conventional,2017,0.89,extra_large,549844.57
833,25/03/18,conventional,2018,1.03,extra_large,758801.12
834,18/03/18,conventional,2018,1.05,extra_large,645380.85
835,11/03/18,conventional,2018,1.09,extra_large,707578.82
836,04/03/18,conventional,2018,1.07,extra_large,571747.72
837,25/02/18,conventional,2018,1.06,extra_large,724330.16
838,18/02/18,conventional,2018,1.08,extra_large,552969.73
839,11/02/18,conventional,2018,0.97,extra_large,652856.58
840,04/02/18,conventional,2018,0.87,extra_large,1066830.22
841,28/01/18,conventional,2018,1.09,extra_large,575974.74
842,21/01/18,conventional,2018,1.08,extra_large,928815.12
843,14/01/18,conventional,2018,1.2,extra_large,652808.4
844,07/01/18,conventional,2018,1.13,extra_large,677714.86
845,27/12/15,organic,2015,1.52,extra_large,5836.04
846,20/12/15,organic,2015,1.53,extra_large,8733.11
847,13/12/15,organic,2015,1.43,extra_large,11645.54
848,06/12/15,organic,2015,1.52,extra_large,4066.09
849,29/11/15,organic,2015,1.5,extra_large,3749.48
850,22/11/15,organic,2015,1.49,extra_large,3686.28
851,15/11/15,organic,2015,1.6,extra_large,3599.71
852,08/11/15,organic,2015,1.54,extra_large,4458.45
853,01/11/15,organic,2015,1.47,extra_large,6583.03
854,25/10/15,organic,2015,1.62,extra_large,6181.13
855,18/10/15,organic,2015,1.71,extra_large,5199.73
856,11/10/15,organic,2015,1.69,extra_large,4792.06
857,04/10/15,organic,2015,1.72,extra_large,4093.2
858,27/09/15,organic,2015,1.75,extra_large,4546.66
859,20/09/15,organic,2015,1.77,extra_large,4880.83
860,13/09/15,organic,2015,1.8,extra_large,5154.23
861,06/09/15,organic,2015,1.78,extra_large,5890.57
862,30/08/15,organic,2015,1.66,extra_large,5569.76
863,23/08/15,organic,2015,1.72,extra_large,5985.12
864,16/08/15,organic,2015,1.75,extra_large,6215.26
865,09/08/15,organic,2015,1,extra_large,6905
866,02/08/15,organic,2015,1,extra_large,5115
867,26/07/15,organic,2015,1,extra_large,4391
868,19/07/15,organic,2015,1,extra_large,4758
869,12/07/15,organic,2015,1,extra_large,5093
870,05/07/15,organic,2015,1,extra_large,6251
871,28/06/15,organic,2015,1.64,extra_large,5956.87
872,21/06/15,organic,2015,1.66,extra_large,6264.36
873,14/06/15,organic,2015,1.68,extra_large,6901.71
874,07/06/15,organic,2015,1.67,extra_large,6286.15
875,31/05/15,organic,2015,1.58,extra_large,6835.09
876,24/05/15,organic,2015,1.59,extra_large,6911.26
877,17/05/15,organic,2015,1.5,extra_large,22024.09
878,10/05/15,organic,2015,1.42,extra_large,6213.47
879,03/05/15,organic,2015,1.37,extra_large,8951.77
880,26/04/15,organic,2015,1.45,extra_large,6150.07
881,19/04/15,organic,2015,1.59,extra_large,6465.74
882,12/04/15,organic,2015,1.53,extra_large,6179.48
883,05/04/15,organic,2015,1.63,extra_large,6434.88
884,29/03/15,organic,2015,1.6,extra_large,5794.39
885,22/03/15,organic,2015,1.49,extra_large,5290.59
886,15/03/15,organic,2015,1.5,extra_large,5308.79
887,08/03/15,organic,2015,1.49,extra_large,5658.7
888,01/03/15,organic,2015,1.4,extra_large,5556.02
889,22/02/15,organic,2015,1.51,extra_large,4883.55
890,15/02/15,organic,2015,1.58,extra_large,4950.01
891,08/02/15,organic,2015,1.48,extra_large,5316.55
892,01/02/15,organic,2015,1.36,extra_large,5852.28
893,25/01/15,organic,2015,1.53,extra_large,4753.87
894,18/01/15,organic,2015,1.42,extra_large,4020.85
895,11/01/15,organic,2015,1.42,extra_large,3830.42
896,04/01/15,organic,2015,1.46,extra_large,4370.99
897,25/12/16,organic,2016,1.34,extra_large,3415.27
898,18/12/16,organic,2016,1.43,extra_large,4926.76
899,11/12/16,organic,2016,1.42,extra_large,6116.44
900,04/12/16,organic,2016,1.56,extra_large,2918.28
901,27/11/16,organic,2016,1.64,extra_large,3381.69
902,20/11/16,organic,2016,1.63,extra_large,3847.05
903,13/11/16,organic,2016,1.7,extra_large,3669.98
904,06/11/16,organic,2016,,extra_large,5049.63
905,30/10/16,organic,2016,1.93,extra_large,5661.78
906,23/10/16,organic,2016,1.63,extra_large,4363.02
907,16/10/16,organic,2016,1.5,extra_large,
908,09/10/16,organic,2016,1.52,extra_large,
909,02/10/16,organic,2016,1.71,extra_large,4904.25
910,25/09/16,organic,2016,1.69,extra_large,4407.75
911,18/09/16,organic,2016,1.67,extra_large,4597.27
912,11/09/16,organic,2016,1.52,extra_large,3481.85
913,04/09/16,organic,2016,1.54,extra_large,4653.04
914,28/08/16,organic,2016,1.49,extra_large,5110.77
915,21/08/16,organic,2016,1.51,extra_large,5831.02
916,14/08/16,organic,2016,1.48,extra_large,10231.17
917,07/08/16,organic,2016,1.55,extra_large,10707.18
918,31/07/16,organic,2016,1.58,extra_large,9035.27
919,24/07/16,organic,2016,,extra_large,8612.44
920,17/07/16,organic,2016,,extra_large,9957.61
921,10/07/16,organic,2016,1.51,extra_large,12180.53
922,03/07/16,organic,2016,1.47,extra_large,11897.11
923,26/06/16,organic,2016,1.5,extra_large,6763.46
924,19/06/16,organic,2016,1.45,extra_large,12052.84
925,12/06/16,organic,2016,1.45,extra_large,8626.89
926,05/06/16,organic,2016,1.43,extra_large,7817.11
927,29/05/16,organic,2016,1.41,extra_large,13698.09
928,22/05/16,organic,2016,1.36,extra_large,
929,15/05/16,organic,2016,1.45,extra_large,8120.53
930,08/05/16,organic,2016,1.3,extra_large,26765.78
931,01/05/16,organic,2016,1.28,extra_large,22276.6
932,24/04/16,organic,2016,1.25,extra_large,8687.81
933,17/04/16,organic,2016,1.38,extra_large,7878.94
934,10/04/16,organic,2016,1.26,extra_large,12154.73
935,03/04/16,organic,2016,1.44,extra_large,8628.68
936,27/03/16,organic,2016,1.44,extra_large,7738.95
937,20/03/16,organic,2016,1.27,extra_large,9425.64
938,13/03/16,organic,2016,1.29,extra_large,6709.65
939,06/03/16,organic,2016,1.28,extra_large,5698.2
940,28/02/16,organic,2016,1.44,extra_large,10423.3
941,21/02/16,organic,2016,1.45,extra_large,8629.03
942,14/02/16,organic,2016,1.37,extra_large,6955.69
943,07/02/16,organic,2016,1.44,extra_large,8028.75
944,31/01/16,organic,2016,,extra_large,5515.91
945,24/01/16,organic,2016,,extra_large,12933.97
946,17/01/16,organic,2016,1.44,extra_large,13106.29
947,10/01/16,organic,2016,1.35,extra_large,8771.79
948,03/01/16,organic,2016,1.43,extra_large,7749.4
949,31/12/17,organic,2017,1.52,extra_large,1279.48
950,24/12/17,organic,2017,1.64,extra_large,1143.57
951,17/12/17,organic,2017,1.57,extra_large,982.45
952,10/12/17,organic,2017,1.54,extra_large,1003.84
953,03/12/17,organic,2017,1.62,extra_large,1108.2
954,26/11/17,organic,2017,1.72,extra_large,978.29
955,19/11/17,organic,2017,1.77,extra_large,834.3
956,12/11/17,organic,2017,1.81,extra_large,1074.64
957,05/11/17,organic,2017,1.82,extra_large,1059.63
958,29/10/17,organic,2017,1.84,extra_large,1150.03
959,22/10/17,organic,2017,1.82,extra_large,1309.82
960,15/10/17,organic,2017,1.85,extra_large,1369.62
961,08/10/17,organic,2017,1.9,extra_large,1224.99
962,01/10/17,organic,2017,1.95,extra_large,1966.94
963,24/09/17,organic,2017,1.94,extra_large,1182.85
964,17/09/17,organic,2017,2,extra_large,891.6
965,10/09/17,organic,2017,2.03,extra_large,940.89
966,03/09/17,organic,2017,2.06,extra_large,2256.96
967,27/08/17,organic,2017,2.09,extra_large,2119.14
968,20/08/17,organic,2017,1.96,extra_large,1154.19
969,13/08/17,organic,2017,1.88,extra_large,1414.21
970,06/08/17,organic,2017,1.83,extra_large,1552.51
971,30/07/17,organic,2017,1.78,extra_large,2135.74
972,23/07/17,organic,2017,1.76,extra_large,3700.92
973,16/07/17,organic,2017,1.78,extra_large,4766.71
974,09/07/17,organic,2017,1.71,extra_large,3424.69
975,02/07/17,organic,2017,1.74,extra_large,3393.83
976,25/06/17,organic,2017,1.77,extra_large,2613.51
977,18/06/17,organic,2017,1.71,extra_large,2140.13
978,11/06/17,organic,2017,1.56,extra_large,3623.46
979,04/06/17,organic,2017,1.64,extra_large,2865.59
980,28/05/17,organic,2017,1.69,extra_large,3195.15
981,21/05/17,organic,2017,1.71,extra_large,4322.99
982,14/05/17,organic,2017,1.55,extra_large,4618.45
983,07/05/17,organic,2017,1.57,extra_large,4161.33
984,30/04/17,organic,2017,1.68,extra_large,5187.46
985,23/04/17,organic,2017,1.61,extra_large,3245.62
986,16/04/17,organic,2017,1.49,extra_large,5096.43
987,09/04/17,organic,2017,1.43,extra_large,8972.11
988,02/04/17,organic,2017,1.42,extra_large,3767.76
989,26/03/17,organic,2017,1.29,extra_large,3888.05
990,19/03/17,organic,2017,1.5,extra_large,3304.62
991,12/03/17,organic,2017,1.38,extra_large,3188.52
992,05/03/17,organic,2017,1.16,extra_large,2542.94
993,26/02/17,organic,2017,1.21,extra_large,3747.77
994,19/02/17,organic,2017,1.31,extra_large,3295.09
995,12/02/17,organic,2017,1.41,extra_large,3486.2
996,05/02/17,organic,2017,1.36,extra_large,2238.78
997,29/01/17,organic,2017,1.43,extra_large,3524.96
998,22/01/17,organic,2017,1.37,extra_large,6707.82
999,15/01/17,organic,2017,1.44,extra_large,8750.08
1000,08/01/17,organic,2017,1.43,extra_large,8697.35
1001,01/01/17,organic,2017,1.48,extra_large,4425.75
1002,25/03/18,organic,2018,1.55,extra_large,1070.24
1003,18/03/18,organic,2018,1.54,extra_large,1045.38
1004,11/03/18,organic,2018,1.52,extra_large,1401.87
1005,04/03/18,organic,2018,1.52,extra_large,1225.97
1006,25/02/18,organic,2018,1.57,extra_large,1063.32
1007,18/02/18,organic,2018,1.52,extra_large,1905.46
1008,11/02/18,organic,2018,1.56,extra_large,1839.8
1009,04/02/18,organic,2018,1.53,extra_large,1703.52
1010,28/01/18,organic,2018,1.61,extra_large,1270.61
1011,21/01/18,organic,2018,1.63,extra_large,1490.02
1012,14/01/18,organic,2018,1.59,extra_large,1580.01
1013,07/01/18,organic,2018,1.51,extra_large,1289.07